,City,Latitude,Longitude,Temperature,Humidity,Cloudiness,Wind Speed,Country,Date
0,west island,-21.018137333086344,88.60758227771015,76.35,67,100,19.73,,1715004819
1,puerto ayora,-7.814206853225244,-100.85689899140102,80.04,69,70,17.02,,1715004838
2,harvard,42.47004838790133,-88.54087656439401,60.31,67,48,8.25,US,1715004838
3,margaret river,-37.31563848315494,115.2038124337497,62.64,89,1,16.24,,1715004838
4,grytviken,-60.454479338515604,-36.44845790233481,25.63,80,100,14.72,,1715004838
5,iqaluit,69.65771532931535,-74.15437027965072,23.85,70,35,4.9,,1715004838
6,mili,7.518963593101688,179.3865117268839,81.73,83,55,21.18,,1715004838
7,blackmans bay,-74.33026966758484,140.45369502299337,-44.72,100,100,13.8,,1715004838
8,ilulissat,71.15341937425794,-49.95012548908957,2.28,73,8,0.45,GL,1715004839
9,ust-nera,85.71999004346114,147.32694999425894,9.73,90,99,5.7,,1715004839
10,albany,-69.31106367119219,107.058280156629,-58.61,76,5,23.47,,1715004839
11,waitangi,-76.34541087020955,-145.59762808175483,10.17,69,94,12.86,,1715004839
12,eyl,6.166289787766033,53.30153950978962,86.5,65,68,4.29,,1715004839
13,puerto natales,-57.89185689489824,-93.78526330793392,40.03,95,100,16.87,,1715004839
14,minas de marcona,-25.419040167558038,-85.28174878794027,66.67,71,83,12.26,,1715004839
15,bethel,72.32686582892555,-168.55637639749742,-7.2,100,18,9.42,,1715004839
16,anadyr,66.35136007405063,174.60621249483927,6.49,99,52,2.15,RU,1715004839
17,pitimbu,-7.658590060856881,-27.797822243522347,83.62,71,83,17.38,,1715004839
18,sur,19.525728501481936,62.723012577978494,85.42,80,0,9.53,,1715004840
19,jinshi,29.477487633999644,111.79104024769202,71.98,84,100,5.91,CN,1715004840
20,adamstown,-41.683090859850594,-127.2861875148673,58.33,98,100,8.37,,1715004840
21,klyuchi,43.74683429682642,176.22814107632882,44.02,79,100,22.44,,1715004840
22,port mathurin,-20.977826654433755,76.42205174442995,78.24,78,58,16.17,,1715004840
23,lompoc,28.29625172625316,-129.60966861229977,60.03,68,100,12.82,,1715004840
24,freetown,1.0672614035607495,-23.57516033357291,83.35,80,100,16.98,,1715004840
25,fortuna,38.14172554970264,-137.1558748035074,57.34,84,92,14.32,,1715004840
26,waddan,28.902172031923428,18.02008421460988,81.95,16,100,3.51,LY,1715004840
27,vorgashor,84.12611123409391,66.58452435948894,22.42,92,100,4.36,,1715004840
28,ushuaia,-72.3903407633515,-72.00404103149565,-5.49,90,93,4.09,,1715004840
29,istmina,5.196166636345566,-76.92362639381687,78.08,93,100,0.87,CO,1715004841
30,sandnessjoen,71.89474069053148,9.643008588310437,38.37,65,44,4.14,,1715004841
31,tura,69.10612016692357,101.4533719415619,30.34,99,100,7.65,,1715004841
32,yaren,-5.442789627059156,169.7703604585053,85.24,71,100,7.99,,1715004841
33,yellowknife,81.67391746988378,-99.04823281801674,0.14,98,58,4.99,,1715004841
34,tranas,57.97593972090499,15.195268250109763,49.55,76,100,10.67,SE,1715004841
35,ribeira grande,29.56708523084417,-30.315401901548285,70.39,84,70,21.61,,1715004841
36,flying fish cove,-8.872152695725347,106.20998183890521,82.98,74,0,20.02,,1715004841
37,'ohonua,-23.078600889194533,-174.04251307279995,76.53,87,48,14.83,,1715004841
38,golfito,7.005625973350945,-84.92547962897419,82.74,76,81,4.03,,1715004841
39,huarmey,-18.500314614692172,-93.43344133981664,69.91,68,99,19.06,,1715004842
40,taiohae,-1.6603711641290744,-148.25047709785542,81.41,85,23,20.58,,1715004842
41,parry sound,45.474278071872874,-79.9991437228618,54.64,51,17,6.4,CA,1715004842
42,shell cove,-34.59190440245994,150.86882199642207,59.31,91,91,1.99,AU,1715004842
43,talnakh,86.37328792375646,86.68197080584781,9.5,88,35,3.38,,1715004842
44,puerto deseado,-47.082907519646085,-64.98272709161353,44.71,52,28,10.89,AR,1715004842
45,egilsstadir,62.91137865530163,-16.376444516140452,45.59,64,52,20.87,IS,1715004842
46,selfoss,60.37313397156586,-17.40229631279624,46.69,57,35,19.86,,1715004842
47,portland,-39.45931360745593,141.62798062620885,56.77,75,61,13.13,AU,1715004842
48,cadale,1.6033008493372307,46.45720867572274,84.27,80,100,12.84,SO,1715004842
49,matinha,-3.1265999744107233,-44.88755104586835,87.62,66,100,6.38,BR,1715004843
50,papatowai,-78.78988699345243,167.35292477119117,-6.21,93,100,30.89,AQ,1715004903
51,stanley,-50.29836245865201,-51.34316544515116,41.23,76,100,44.87,,1715004903
52,itamaraca,-8.1421474737121,-27.524187134010504,82.96,75,50,18.37,,1715004903
53,kodiak,50.672848478848834,-151.2102614790146,41.04,75,100,23.53,,1715004903
54,vingt cinq,-7.662317525107767,62.700596728269204,84.45,80,42,12.26,,1715004903
55,mogok,23.890949095165936,95.782725011673,79.97,54,93,4.54,MM,1715004903
56,al bardiyah,31.306911180115932,24.53297000032171,75.04,24,0,16.24,LY,1715004903
57,jacksonville,34.692448394432716,-91.94454944911882,71.08,94,100,3.33,US,1715004903
58,alotau,-12.031949034605816,153.21110790503468,81.27,81,96,22.59,,1715004903
59,port-aux-francais,-60.56489772566695,76.59620871944435,28.51,69,51,23.42,,1715004903
60,urengoy,63.747598007446044,82.17122489063183,29.43,80,100,18.77,,1715004904
61,jamestown,-28.91889797865577,-0.39779226747867824,66.99,58,12,19.91,,1715004904
62,isafjordur,79.00207516856,-32.52450249314725,3.81,76,100,10.71,,1715004904
63,whyalla norrie,-33.31587329982339,137.58003673826346,63.75,66,0,10.96,AU,1715004904
64,quellon,-49.675610666422024,-92.22792616752776,43.7,66,55,8.23,,1715004904
65,kamalganj,27.226475432512203,79.5976389923029,101.88,11,66,9.19,IN,1715004904
66,nova xavantina,-15.084361558130269,-51.90298226791873,85.21,50,21,6.26,BR,1715004904
67,uturoa,-12.17945432884558,-158.50597440399844,83.98,80,18,17.4,,1715004904
68,olonkinbyen,76.610619482387,-11.756344287517265,32.25,98,100,23.11,,1715004904
69,hawaiian paradise park,20.97415537831715,-138.53858075410471,68.94,70,99,18.25,,1715004904
70,udachny,83.58303299222237,107.92775190666254,15.06,92,100,5.91,,1715004904
71,manggar,-3.9674341140006106,107.72444523348798,84.7,78,7,15.26,ID,1715004905
72,bornu yassu,12.277053843367,12.64607800825189,110.08,9,10,12.5,NG,1715004905
73,lib,7.421667938734316,167.28054253875587,82.9,80,100,18.95,MH,1715004905
74,taroa,11.094570436867599,179.19917395609673,80.51,77,100,21.72,,1715004905
75,edinburgh of the seven seas,-35.361674043298,-28.659728060878336,62.01,65,54,13.29,,1715004905
76,remire-montjoly,11.84452838425436,-41.29300085050775,77.34,77,89,16.82,,1715004905
77,aur,7.863822368993141,170.79079246509087,82.51,83,99,20.33,MH,1715004905
78,tazovsky,76.06279420027604,79.93005353916266,28.9,87,100,13.8,,1715004905
79,east london,-51.30030825923069,43.32682804042966,36.82,78,64,24.29,,1715004905
80,maroantsetra,-15.550220838727611,49.8207535528791,76.95,81,59,12.41,MG,1715004905
81,avarua,-22.069869316122436,-163.32972896478674,74.75,94,100,17.87,,1715004905
82,cidade velha,11.112675136555737,-23.76450698028529,76.71,77,9,9.4,,1715004905
83,mogocha,56.86917944448123,119.58003703508945,38.21,79,92,6.82,RU,1715004906
84,whitehorse,76.31710615348524,-135.413063643736,-1.28,98,60,8.46,,1715004906
85,bokhan,54.111906063404774,104.16314341389779,60.85,51,100,8.52,RU,1715004906
86,kimbe,-7.00458053147031,149.83251818425856,79.74,90,100,10.92,PG,1715004906
87,isangel,-18.98370382756974,171.0479595111509,77.2,65,54,13.82,,1715004906
88,noida,28.648596329817593,77.3607232671115,100.33,11,1,6.67,IN,1715004906
89,bilibino,79.53343971656554,164.34541393663528,24.64,92,100,6.06,,1715004906
90,pico truncado,-46.46331312725252,-68.09723975823343,34.3,52,100,15.88,AR,1715004906
91,ixtapa,6.0464550367856305,-107.42395619223223,82.4,78,25,9.1,,1715004906
92,lihue,13.795014349138498,-168.2067562337699,78.03,85,49,18.57,,1715004906
93,san jose del cabo,22.811249445155028,-108.32856130908709,75.06,68,100,4.83,MX,1715004906
94,la'ie,31.3314676666309,-153.39683207626817,66.88,78,26,12.84,,1715004907
95,yinchuan,37.999392083752625,106.51218378279066,65.98,14,0,10.0,CN,1715004907
96,nazarovo,55.7290852130283,90.18231744660955,49.39,57,7,10.74,RU,1715004907
97,thompson,58.099919455859975,-99.3610335063721,34.23,86,84,7.67,CA,1715004907
98,constantia,-42.06432546829165,10.151300042220498,53.6,73,20,28.36,,1715004907
99,lerwick,62.54890437857284,-0.5412611892358257,47.97,82,100,1.36,,1715004907
100,wailua homesteads,29.933062205909863,-171.7011270252462,68.58,87,2,12.26,,1715004967
101,yermolayevo,52.385745537505926,55.77435651097835,51.57,66,92,12.8,RU,1715004967
102,invercargill,-65.40724775440876,162.28884553441492,-9.26,97,100,7.02,,1715004967
103,rongelap,10.929988975050833,167.54433518196157,81.68,79,46,17.65,MH,1715004967
104,mckinleyville,41.03275084355221,-124.24973149372339,49.01,84,100,5.75,US,1715004967
105,qaqortoq,60.003682790687805,-38.84350327414958,37.0,65,9,6.85,,1715004968
106,aasiaat,78.17830747743773,-57.58036209558783,1.49,91,100,13.91,,1715004968
107,susuman,76.24305348761709,153.9816661047576,25.16,90,100,8.3,,1715004968
108,mokhsogollokh,61.018366102837206,127.82766519003599,38.71,94,94,4.34,RU,1715004968
109,buta,2.8616615433870862,24.39173112577251,95.38,35,99,2.82,CD,1715004968
110,zalingei,13.725293157721225,23.30419447934733,100.85,6,0,13.6,SD,1715004968
111,atafu village,-4.592431257635226,-179.37107183255569,85.26,76,32,13.31,,1715004968
112,poronaysk,50.085063612529865,150.81893272468682,33.44,82,65,10.16,,1715004968
113,kadhan,24.285990855438655,68.84029875338229,93.96,40,0,21.72,PK,1715004968
114,sidney,47.451207301365315,-103.82795892299941,54.23,84,100,17.05,US,1715004968
115,nema,17.895604561409755,-7.5722616522114095,107.38,4,0,8.43,MR,1715004968
116,yuncheng,35.37293844498228,110.94422869979235,63.75,46,16,2.55,CN,1715004968
117,meizhou,25.023253439450926,116.60336819054038,67.35,81,100,2.84,CN,1715004968
118,cabo san lucas,12.394916519720681,-114.90886940098072,77.38,70,100,8.72,,1715004969
119,brits,-25.651447060824125,27.789652933910617,82.35,11,13,5.19,ZA,1715004969
120,tolanaro,-37.51490482947502,53.106926147121214,64.26,86,49,22.37,,1715004969
121,fale old settlement,-2.700371459734228,-167.61292863470044,83.52,79,75,14.72,,1715004969
122,toga village,-9.824537419386019,172.6611870202197,85.32,77,59,13.35,,1715004969
123,kerikeri,-30.067361432499204,178.24008701188234,68.13,75,0,13.24,,1715004969
124,hilo,24.508708646147923,-150.8750033221809,71.1,74,92,15.75,,1715004969
125,la sarre,50.215316458448825,-80.30335381905543,44.22,74,100,11.86,CA,1715004969
126,visaginas,55.745994046163815,26.449034774045543,42.24,92,100,8.7,LT,1715004969
127,mejit,13.273232590474464,176.88111567552693,79.75,77,100,19.98,,1715004969
128,siwa oasis,27.332888748073515,24.683618800534617,83.68,17,4,9.22,,1715004969
129,buritizeiro,-17.069201875626362,-45.17843883490761,81.36,52,17,12.1,BR,1715004970
130,bredasdorp,-62.61745702254625,16.4883590804655,29.46,93,100,16.46,,1715004970
131,saint-pierre,37.382820072202975,-54.02293891251573,59.7,63,4,18.19,,1715004970
132,adam,21.66517779161056,57.78661655843078,99.57,25,0,4.21,OM,1715004970
133,fortaleza,3.269748422520493,-33.64216466256747,81.54,85,100,15.14,,1715004970
134,rio claro,-22.755932611815666,-44.36067052369046,75.15,55,0,4.81,BR,1715004970
135,fonadhoo,1.2017310198449138,76.2363283733547,85.42,76,60,9.15,,1715004970
136,codrington,25.08827018399306,-45.758155336782806,72.34,67,43,14.54,,1715004970
137,vilyuysk,63.325927586448415,121.36805768027631,35.73,99,100,14.88,RU,1715004970
138,namibe,-14.228925474861953,11.534442579489308,75.6,79,0,13.38,AO,1715004970
139,ouellah,-8.61071318936908,44.57599039929306,81.97,77,100,17.52,,1715004970
140,ad dabbah,17.617094240935117,30.429370410047966,104.05,8,0,13.98,SD,1715004970
141,puerto san carlos,14.540910171477435,-131.43123876865832,75.11,77,100,17.96,,1715004971
142,murghob,38.735083663632366,73.07910987678093,11.3,83,4,3.6,TJ,1715004971
143,saudarkrokur,77.03261435694148,-20.198393773681516,27.82,95,100,6.02,,1715004971
144,port elizabeth,-56.61904615710382,29.57623493579922,34.47,91,100,20.8,,1715004971
145,ola,65.82160669131767,154.80819993150772,21.7,100,38,2.01,,1715004971
146,kyaikto,17.558778618226015,97.60420031976184,84.43,54,9,1.88,MM,1715004971
147,nemuro,30.717874158952796,157.81188086218253,66.07,85,100,27.11,,1715004971
148,sao felix do xingu,-8.826852314503483,-52.8078585640494,88.39,43,11,5.5,,1715004971
149,pimenta bueno,-12.098548510271428,-61.00249740808232,87.73,52,20,3.6,BR,1715004971
150,san luis de la loma,14.369147812014958,-102.27665820469491,80.1,77,25,8.19,,1715005031
151,dzhambeyty,50.65771417853966,52.823275880175316,54.57,65,68,13.6,KZ,1715005031
152,la passe,-4.043385328162827,60.37589571630937,84.69,72,47,2.71,,1715005031
153,hithadhoo,-11.24708811727433,78.35507177340719,81.55,75,100,12.64,,1715005032
154,dubbo,-31.842940389170742,147.89092052743666,58.6,61,4,15.88,AU,1715005032
155,gasa,28.146547788945995,90.32281784896594,6.24,86,100,1.28,BT,1715005032
156,richards bay,-29.837115429316327,33.33448686187248,75.78,86,0,18.88,,1715005032
157,karibib,-22.10064991718653,15.767692874132052,86.61,15,2,8.66,NA,1715005032
158,petropavlovsk-kamchatsky,35.69076624257072,176.2934759558027,58.82,75,84,12.46,,1715005032
159,beauharnois,44.91622854385574,-73.85422688416688,60.04,80,77,8.37,CA,1715005032
160,adler,42.99946465215689,39.56222906075192,58.46,64,36,2.55,RU,1715005032
161,kyaikkami,15.837587172753189,97.84600019607512,75.09,74,0,2.98,MM,1715005032
162,hamilton,32.06347424523331,-54.09493284758109,64.29,73,4,18.84,,1715005032
163,gizo,-9.030806307375599,153.64092602957038,83.39,82,100,22.95,,1715005032
164,piatykhatky,48.53468843076254,33.703209109499284,73.06,41,50,15.68,UA,1715005032
165,zheleznogorsk-ilimskiy,56.342638833627575,104.6945467699361,53.46,84,100,8.34,RU,1715005032
166,pamandzi,-13.290258088587535,46.17768720937579,81.97,73,100,6.26,YT,1715005033
167,espinosa,-15.054798381736262,-42.423697574312655,80.64,39,15,12.24,BR,1715005033
168,sariwon,38.48162645722928,125.86599737986478,54.37,96,100,6.96,KP,1715005033
169,argo,18.953064742018213,27.938299707615585,97.7,9,0,11.25,,1715005033
170,tazacorte,28.43564508182098,-26.738510593273247,69.76,74,100,12.41,,1715005033
171,esil,52.39172772591377,66.57385751329457,54.64,43,100,13.73,KZ,1715005033
172,kendari,-4.174446183209383,122.40780843194995,68.74,100,100,2.84,ID,1715005033
173,puerto armuelles,3.866675862853654,-84.92314072730736,81.95,78,96,9.06,,1715005033
174,toliara,-23.20596219993064,41.51966813832021,77.9,73,0,10.0,,1715005033
175,tromso,73.32616493302703,16.897405867655465,35.11,65,100,8.14,,1715005033
176,am djarass,19.419867846997306,25.75882800063289,97.47,10,0,8.25,,1715005033
177,badger,67.04728429824118,-139.96539973369875,12.11,93,91,5.32,CA,1715005034
178,longyearbyen,76.16570362814565,7.3195078272146645,32.04,72,100,5.53,,1715005034
179,babu,24.30952601709734,111.44369793824478,70.12,97,100,2.28,CN,1715005034
180,najaf,32.0133384035325,43.940477695723985,94.53,32,6,15.1,IQ,1715005034
181,naze,25.747196048124806,135.02265330098976,76.42,72,57,14.9,,1715005034
182,saynshand,43.44280116942517,109.32643955970224,66.74,18,14,4.16,MN,1715005034
183,labrador city,58.17354609482021,-68.3273885154448,41.36,75,75,10.36,CA,1715005034
184,san antonio de pale,-3.2881340085996555,-2.0335150701278053,83.07,76,83,18.41,,1715005034
185,columbus,41.160671939737654,-97.4504057644823,55.51,83,100,20.0,US,1715005034
186,selebi-phikwe,-21.86106437686459,27.785150136318123,86.85,14,0,5.86,BW,1715005034
187,georgetown,-5.303982550968371,-23.593791228750916,82.76,70,95,20.02,,1715005034
188,puerto cabezas,15.289069171804243,-81.3167040370825,81.9,83,31,11.74,,1715005034
189,arteche,14.462739060431815,127.8286660673649,83.44,80,26,13.98,,1715005035
190,nchelenge,-8.04156675636905,27.40729927543356,84.09,38,22,1.5,CD,1715005035
191,san felice circeo,40.4505703052794,12.83791294388945,64.26,73,52,9.84,IT,1715005035
192,port glaud,-7.142888073793955,50.88266453047413,78.73,93,100,12.8,,1715005035
193,kyren,52.393030687696125,101.5088614728902,52.14,59,6,6.69,RU,1715005035
194,dudinka,86.65759531631628,81.5821358328771,8.98,89,29,4.59,,1715005035
195,alice springs,-22.75036492880271,129.22914042265262,65.91,27,97,9.24,,1715005035
196,cannonvale,-17.307241659070968,150.34431780390406,78.1,76,98,22.73,,1715005035
197,college,80.7194627706468,-147.33406706779192,-0.67,98,49,7.74,,1715005035
198,nova vicosa,-23.147448484496806,-26.839203823976874,74.98,68,69,23.47,,1715005035
199,santa cruz cabralia,-16.25903543454946,-38.667078738838086,84.76,72,0,16.02,BR,1715005035
200,praia,10.621788023546117,-22.374999084547056,77.25,75,33,8.3,,1715005095
201,tiksi,79.20454533494421,132.1919927203519,11.91,98,81,8.63,,1715005096
202,tulagi,-9.070152395183044,160.04057231215882,84.4,79,99,19.8,SB,1715005096
203,xucheng,20.52571194525207,110.52687834784922,78.93,91,99,10.0,CN,1715005096
204,baker city,44.92199599671412,-117.96150403805882,42.8,84,100,3.44,US,1715005096
205,laguna,-32.2719282351825,-45.154286088951494,73.4,95,99,18.5,,1715005096
206,thourotte,49.57406062572426,2.871427553001297,64.69,54,62,10.8,FR,1715005096
207,cozumel,20.17131964281019,-86.36781026877374,81.95,78,0,18.14,MX,1715005096
208,karratha,-17.6945481450701,113.85459802652048,81.61,54,0,8.68,,1715005096
209,kavaratti,13.612619143397652,67.2247596664935,84.7,70,0,9.42,,1715005096
210,shiqian,27.526868966073607,107.71552395270402,62.28,96,100,5.23,CN,1715005096
211,lebu,-37.30582276113505,-90.26313537639693,56.19,73,100,28.59,,1715005096
212,merizo village,11.719771179944217,141.38604423079465,82.96,77,100,13.87,,1715005096
213,pangoa,-11.572772137403845,-73.39126553493331,77.81,80,36,2.98,PE,1715005097
214,miandrivazo,-19.423134858525614,45.70560765283858,82.04,43,0,5.21,MG,1715005097
215,saipan,18.86037695979202,144.0755007010407,79.56,76,7,18.14,,1715005097
216,bardai,21.418496804553342,20.12612922180972,93.9,14,0,6.46,,1715005097
217,kyzylorda,45.47695944105405,65.45691821555326,72.82,28,100,9.04,KZ,1715005097
218,aykhal,64.77223808879765,111.82281463214196,31.78,99,100,4.03,RU,1715005097
219,sao vicente,40.680287158581876,-17.857365706819706,59.45,74,83,11.68,,1715005097
220,rikaze,34.88348982288991,86.27588653207437,41.25,14,100,14.25,,1715005097
221,zhanaozen,41.96827141261298,52.667250465406454,67.73,53,6,13.22,KZ,1715005097
222,viana do castelo,41.17116554337372,-11.579825189369359,57.76,78,2,4.47,,1715005097
223,beterou,9.270645148697724,2.3337996821878733,102.42,29,100,6.8,BJ,1715005097
224,borzya,49.53835714566952,116.32333081492874,57.52,31,4,7.05,MN,1715005097
225,utrik,13.34246564642487,168.6683530426335,81.09,78,19,13.82,,1715005097
226,al kharijah,25.858659688091606,30.843084291723983,81.37,19,0,15.26,EG,1715005098
227,crane,12.462553036413226,-56.761828785148055,82.71,75,86,16.98,,1715005098
228,ed damer,17.23023031019025,33.666398865251836,104.9,8,0,7.92,SD,1715005098
229,amstetten,48.04554579006151,14.797965130018866,76.46,51,100,2.51,AT,1715005098
230,toktogul,41.706390119457865,72.64718500303505,55.74,72,27,4.07,KG,1715005098
231,kapa'a,38.462917202626556,-155.14253607641345,57.63,81,1,6.26,,1715005098
232,banda aceh,3.552531806325902,90.81561429416433,83.55,77,99,11.18,,1715005098
233,onguday,50.89228864433136,86.62788083783948,46.13,97,100,3.2,RU,1715005098
234,urangan,-23.924585706731165,154.3231008576504,74.43,72,20,18.97,,1715005098
235,ambohitseheno,-18.765352088014197,47.87983884263468,68.11,85,15,6.51,MG,1715005099
236,james island,30.77079453253728,-78.88289868061315,75.87,68,70,11.43,,1715005099
237,pasighat,28.78068828491884,95.62661734400302,42.13,95,100,3.15,CN,1715005099
238,bada,50.53710449341128,109.82416345480749,52.59,38,72,3.04,RU,1715005099
239,praya,-13.6530950960464,116.92894358433296,83.03,67,2,13.87,,1715005099
240,coahuayana de hidalgo,0.3585112413163216,-112.90059238164879,75.56,91,28,5.12,,1715005099
241,new norfolk,-47.37157306379001,142.56680521531717,50.95,93,100,21.36,,1715005099
242,carnarvon,-21.159769570965736,108.92362950012028,76.57,67,0,22.12,,1715005099
243,kismayo,-3.5198430817726205,44.44787086634682,83.01,79,100,18.9,,1715005099
244,douz,33.45550952149438,9.379593421681733,94.5,9,59,5.19,TN,1715005099
245,vilhena,-12.28079808027546,-59.703188788237966,85.35,44,98,4.54,BR,1715005099
246,happy valley-goose bay,55.78359156705446,-56.36492871217315,35.92,90,100,19.48,,1715005099
247,tamanrasset,22.903753916515782,2.0026513858316264,103.86,5,0,5.59,,1715005100
248,chibougamau,57.84689391389827,-75.8390615233439,34.05,95,100,17.85,CA,1715005100
249,nizhneudinsk,53.95945951014224,97.65884655515549,44.53,94,100,4.72,RU,1715005100
250,port lincoln,-36.0122071479311,136.23087842464128,59.74,77,0,18.21,AU,1715005160
251,hermanus,-74.57570351469974,10.709928305205239,-37.8,95,100,14.79,,1715005160
252,tsiombe,-41.32518764873451,46.207924339493616,63.59,91,100,27.58,,1715005160
253,haci zeynalabdin,40.88460911927572,49.44910790843437,55.74,87,100,22.01,AZ,1715005160
254,baoying,33.5104727275926,119.457796710009,57.42,87,0,6.08,CN,1715005160
255,shingu,28.26876404735161,137.39655098356815,72.95,69,98,15.21,,1715005160
256,san matias,-17.013358640190674,-57.95105073258449,91.22,35,0,10.67,BO,1715005160
257,inarajan village,10.535706629833356,146.75250029059606,82.74,73,100,12.73,,1715005160
258,abraveses,40.733783603595754,-8.08827281925005,66.11,40,0,10.07,PT,1715005160
259,san rafael del sur,10.833443171478095,-87.87838683322458,83.55,74,100,7.49,,1715005161
260,chonchi,-47.10938238453874,-96.68753674649594,46.8,78,41,8.05,,1715005161
261,ta`u,-13.425520708138407,-163.14435082698398,84.42,77,99,15.82,,1715005161
262,opuwo,-19.25561058005843,10.558800415812641,66.99,89,0,17.09,,1715005161
263,saldanha,-35.934667065541106,8.696110945989574,62.08,61,4,24.56,,1715005161
264,mount isa,-17.899594177771263,139.90114240927971,76.03,39,11,9.01,AU,1715005161
265,stephenville,49.60249185634498,-61.38510724051078,37.0,98,100,21.14,CA,1715005161
266,praia da vitoria,40.43610658968646,-27.296166607552948,64.63,90,100,29.62,,1715005161
267,kharabali,47.692362855035356,47.6019379285556,68.83,20,0,9.06,RU,1715005161
268,lubao,-4.5912831323780665,25.795287232248484,91.6,40,39,5.59,CD,1715005161
269,beyneu,43.44644457304122,55.178286445833464,70.9,48,9,16.58,KZ,1715005161
270,enewetak,20.6242093828982,158.00760528764414,80.13,78,36,16.13,,1715005161
271,porto novo,13.89199560875717,-38.06063422183388,75.88,77,75,12.82,,1715005162
272,dunedin,-50.36742714984826,173.37808121257962,45.84,77,100,28.54,,1715005162
273,porto seguro,-16.476010028974116,-38.929090734997004,84.76,70,40,11.5,BR,1715005162
274,port alfred,-56.8693756352591,39.271620133105785,33.85,89,80,24.96,,1715005162
275,revelstoke,50.886361330840685,-117.60640918597866,42.96,96,100,5.61,CA,1715005162
276,midvagur,64.57917498599573,-8.520442731468137,42.49,84,100,9.57,,1715005162
277,port hedland,-18.655627216639232,119.63500078657961,81.28,71,82,5.99,,1715005162
278,volodarskiy,46.08679486820091,49.00931080705766,58.84,41,1,11.43,RU,1715005162
279,nokia,61.37954905475266,23.403436921876732,47.28,33,0,8.05,FI,1715005162
280,khandyga,57.33052828435305,136.42004803674143,33.28,92,88,3.33,RU,1715005162
281,bahir dar,11.678851329613636,36.66575739777656,94.44,11,4,8.77,ET,1715005162
282,el bauga,20.040054812823513,34.186149302778716,97.81,9,0,24.32,,1715005162
283,lospalos,-9.02636790797682,129.9740956333594,83.17,75,99,14.74,,1715005163
284,genhe,51.23634357398228,121.28030626657397,44.33,55,77,1.5,CN,1715005163
285,kyakhta,49.906978616881844,106.85425691471158,58.28,32,100,4.34,MN,1715005163
286,bikramganj,25.195781496017347,84.27752521450464,97.2,18,0,8.5,IN,1715005163
287,howard springs,-15.97651500867073,133.17175543786885,71.92,40,64,7.14,AU,1715005163
288,bandon,47.85381196271388,-10.103825639610392,54.91,81,3,9.37,,1715005163
289,vipiteno,46.99279057544305,11.233816680649397,46.42,100,100,7.96,AT,1715005163
290,fort bragg,35.278285359084734,-134.60250923390873,58.08,75,100,10.11,,1715005163
291,nova sintra,12.29124852075131,-31.777131707961132,76.59,83,9,13.22,,1715005163
292,cargados carajos,-10.991802707189194,64.82396111275867,83.1,80,10,17.31,,1715005163
293,new haven,43.26452175665145,-84.35599133662681,57.47,61,100,9.06,US,1715005163
294,ingeniero jacobacci,-40.73907356581784,-68.1064292417826,44.35,44,89,19.8,AR,1715005163
295,przemysl,49.737762398059715,22.849255005980694,69.44,64,99,10.63,PL,1715005164
296,arraial do cabo,-33.72901408934633,-37.460905172676604,68.29,94,100,27.72,,1715005164
297,necochea,-40.338029132452725,-58.90180781632026,53.08,67,21,11.21,,1715005164
298,kiunga,-7.026206003059741,141.5755773622028,75.69,96,100,5.68,PG,1715005164
299,salekhard,66.99728030151681,67.05586122030184,13.86,88,7,5.19,RU,1715005164
300,viqueque,-11.286936407441445,127.52973401948543,83.12,61,100,8.63,,1715005224
301,maceio,-14.870825979456185,-29.853929077809966,80.58,65,0,24.25,,1715005224
302,newman,-27.447753836389907,119.48508610684445,63.59,38,0,12.95,AU,1715005224
303,surkhpur,32.68157771580374,74.35242480628341,94.75,26,20,0.0,PK,1715005224
304,pacific grove,26.76121814897914,-137.49599344891936,64.36,70,95,16.37,,1715005225
305,boali,4.39134248702922,17.96175750538299,102.29,21,82,4.41,CF,1715005225
306,ahau,-10.303869845951155,174.16571930423981,84.81,77,100,10.4,,1715005225
307,manokwari,-1.8034733060183754,134.65610140520016,83.46,78,100,15.77,ID,1715005225
308,goianinha,-6.254619916240671,-35.20464449736457,88.23,65,78,16.11,BR,1715005225
309,iwanai,43.54740629271407,138.74112413864668,49.17,99,100,14.05,JP,1715005225
310,kulia village,-1.311518634544342,177.34107730513512,83.68,76,67,10.38,KI,1715005225
311,hudson,28.801654808372177,-83.57723024872102,75.31,87,49,13.62,US,1715005225
312,coquimbo,-28.158404834140327,-84.81318912392751,64.67,62,67,14.63,,1715005225
313,pedernales,15.504519028962576,-72.43281786999442,81.97,87,20,18.61,,1715005225
314,lorengau,2.147752918246823,146.0168126689711,84.65,72,100,6.02,,1715005225
315,wanning,16.54788951042643,113.76241406593681,84.54,74,71,10.22,,1715005225
316,tshabong,-25.94450232403551,21.508383773070904,85.33,15,0,7.02,BW,1715005226
317,guerrero negro,27.60091860699481,-117.19949259697421,59.72,68,100,20.18,,1715005226
318,ringkobing,55.89020509575363,6.570604942735855,48.29,94,98,14.25,DK,1715005226
319,grand falls-windsor,51.86868738400531,-55.365370393689474,44.01,90,100,25.05,CA,1715005226
320,sao gabriel da cachoeira,0.5750736155056444,-68.36094728076594,75.65,96,100,3.47,BR,1715005226
321,petrosino,37.16056578325984,12.161396350518686,79.11,81,9,17.13,IT,1715005226
322,horta,42.55516471540278,-29.50275290939146,63.75,88,100,21.65,,1715005226
323,xiaoweizhai,26.139991983512232,107.99682498172689,67.1,96,80,3.11,CN,1715005226
324,sevastopol,43.92497883707537,32.408533536309704,56.01,52,0,3.4,UA,1715005226
325,bridgewater,43.90777907289953,-64.74290264095994,49.73,98,100,9.22,CA,1715005226
326,harstad,70.22727570150701,15.82316082896628,37.49,66,86,16.35,NO,1715005226
327,hayma',21.087367945753,55.61752340169025,102.92,23,13,8.08,OM,1715005226
328,mossel bay,-48.92289715256765,23.770841444228466,42.64,85,2,22.7,,1715005227
329,belmonte,-17.45384286913881,-32.1018135028996,80.76,70,0,24.79,,1715005227
330,vangviang,19.214698773863148,102.34428707738584,77.81,55,97,1.81,LA,1715005227
331,rio grande,12.689356081793989,-98.7039522577484,83.16,77,9,4.03,,1715005227
332,iskateley,83.85792329917507,55.29586555320813,17.94,93,88,3.4,,1715005227
333,le port,-20.90493903726049,55.0896105955936,77.18,63,18,5.1,RE,1715005227
334,callao,-19.76982828696113,-92.31242357046735,69.44,66,13,16.15,,1715005227
335,kailua-kona,14.849684305254812,-159.21028147716638,76.95,79,98,17.74,,1715005227
336,bamboo flat,11.943592954947732,88.12928848238317,86.49,74,6,12.41,,1715005227
337,st. john's,40.68799796902326,-44.59904342768294,60.48,79,8,36.62,,1715005227
338,vilyuchinsk,45.818661905207136,160.3304921895829,36.77,76,100,5.03,,1715005227
339,northam,-29.59184747782495,121.5201615469228,64.76,53,100,20.2,AU,1715005227
340,morehead city,33.05866883948241,-75.02670234944854,71.49,69,99,12.33,,1715005228
341,olyokminsk,58.83982224747123,122.26803745755672,36.3,94,100,4.76,RU,1715005228
342,aguilas,37.49641696368056,-1.6463776437919364,76.51,33,100,11.25,ES,1715005228
343,gabes,34.0224060524541,10.042301556699101,87.85,30,0,10.36,TN,1715005228
344,akjoujt,18.636765542475544,-14.512676826760213,105.1,6,51,6.11,MR,1715005228
345,greymouth,-41.937784694771956,171.41443365094847,45.63,72,9,6.02,NZ,1715005228
346,mokhotlong,-29.213924532787644,29.301695272789857,51.73,26,0,1.68,LS,1715005228
347,akbarpur,26.400786935366895,80.00439085465098,99.12,11,3,0.69,IN,1715005228
348,abra pampa,-22.89389916793121,-67.1350468169398,40.84,21,0,18.9,CL,1715005228
349,tarko-sale,64.80925234822337,78.54008551904474,25.68,84,100,24.0,RU,1715005228
350,sinabang,0.03884335695279617,96.17224168685755,85.41,72,16,7.25,,1715005288
351,bereznehuvate,47.22018640243115,32.989157672844186,68.36,40,35,15.37,UA,1715005288
352,kingston,-32.95095827298999,165.69822501984885,64.72,70,99,22.75,,1715005289
353,miyako,40.482584673148295,143.82925808623702,55.09,93,100,23.89,,1715005289
354,tralee,52.28539271888033,-18.27643768898332,49.06,60,100,3.0,,1715005289
355,tymovskoye,50.79346767484387,143.87218923355084,29.14,91,51,4.74,RU,1715005289
356,fort st. john,61.943426680575925,-121.00965631724458,47.53,58,79,6.98,CA,1715005289
357,armacao de buzios,-24.90410449296229,-38.7240335219625,77.27,75,91,15.88,,1715005289
358,plettenberg bay,-48.854965586048344,24.42891310989978,42.21,85,0,20.78,,1715005289
359,eydhafushi,5.25385054398636,71.35250785870099,85.91,77,54,10.45,,1715005290
360,sittwe,19.05447906032549,93.75809026263846,84.47,74,1,3.18,MM,1715005290
361,kone,-19.577622610701866,162.5586760970267,76.66,70,49,17.13,,1715005290
362,camana,-16.36747795911984,-73.28150609029078,69.24,79,74,5.75,PE,1715005290
363,puloypuloy,6.5809686671325665,124.18153830883296,75.31,91,81,3.0,PH,1715005290
364,archangelos,35.125959182643925,28.276853126096285,65.1,67,0,26.13,GR,1715005290
365,lucheng,31.16512124552591,117.03490812374616,67.21,89,99,5.41,CN,1715005290
366,inhambane,-23.640073779153695,36.050649086262894,76.33,64,0,6.44,MZ,1715005290
367,shihezi,44.692802727573934,86.25032693095125,78.08,34,100,14.74,CN,1715005290
368,tierra colorada,17.182051966679637,-99.38991757487297,80.98,40,47,2.15,MX,1715005290
369,afaahiti,-37.96477176601152,-147.67866942246178,60.46,80,15,36.55,,1715005290
370,san patricio,15.088653688117546,-106.50409725743627,77.79,73,56,8.5,,1715005290
371,grevesmuhlen,53.86472362523307,11.273053857672323,61.75,69,64,5.44,DE,1715005291
372,bikenibeu village,2.9610020611615084,174.34156728962898,83.62,79,79,16.82,,1715005291
373,choszczno,53.064730512461466,15.443117801968782,67.32,52,100,11.81,PL,1715005291
374,astaneh-ye ashrafiyeh,37.887868127253185,49.967681156040015,61.32,84,97,17.81,IR,1715005291
375,fisterra,41.856940931112575,-16.215925510529758,58.01,78,55,6.96,,1715005291
376,nogliki,52.121405540136095,150.04112835385774,32.23,69,100,3.27,,1715005291
377,flin flon,59.01675341983574,-101.5957368528552,34.83,86,27,12.17,CA,1715005291
378,sabt alalayah,19.742530145771582,41.94715886511452,76.08,31,0,14.65,SA,1715005291
379,mukah,5.703575649785236,109.23749779828142,85.77,70,65,6.69,,1715005291
380,queenstown,-40.07103599860818,164.77035861058096,55.22,66,94,18.14,,1715005291
381,barakani,-8.994574606546195,46.84105972257808,82.54,81,99,20.09,,1715005291
382,khuzdar,27.79660266766963,66.16453107499044,82.83,17,0,10.25,PK,1715005291
383,cao lanh,10.469634374348388,105.81819499214976,84.18,68,0,11.01,VN,1715005292
384,wakkanai,45.37088159582498,139.85917764931662,39.22,96,100,39.08,JP,1715005292
385,antofagasta,-23.664732747401104,-72.3966891727321,62.19,71,100,7.27,,1715005292
386,galveston,28.023857723025557,-93.96425949112617,76.78,91,77,15.12,,1715005292
387,asau,-11.906507104075686,-174.21637062697138,85.57,78,100,13.53,,1715005292
388,loughrea,52.93639109764317,-8.61404853384613,55.78,74,99,9.24,IE,1715005292
389,baluntaicun,42.94680334590487,86.44955919439292,47.39,36,71,4.54,CN,1715005292
390,axim,0.6040104084399331,-2.242789004192531,83.53,78,72,11.1,,1715005292
391,qamdo,31.37598567751789,99.57865733832512,33.78,80,80,4.29,CN,1715005292
392,puerto baquerizo moreno,1.5856132803360623,-87.63257936279605,77.4,82,96,10.96,,1715005292
393,franceville,-2.341763422382556,13.852262172097,86.95,54,96,1.79,GA,1715005292
394,tena,-0.9774288359281798,-78.07019433862334,63.7,83,100,1.72,EC,1715005292
395,myanaung,18.107720899915677,95.35149843716937,92.37,46,4,4.16,MM,1715005293
396,weno,9.408477462774542,150.49280272391002,81.93,82,100,12.91,FM,1715005293
397,luderitz,-27.74449470864785,14.62956147241863,64.09,80,0,9.37,NA,1715005293
398,igarka,67.06703525819205,83.94405819949611,31.33,99,100,5.77,RU,1715005293
399,silvania,-16.515367902120403,-48.75902994270683,79.05,60,4,12.53,BR,1715005293
400,yuzhno-kurilsk,44.6692516141118,154.437347622402,37.49,97,100,21.03,,1715005353
401,matoury,2.551081760708243,-52.02089258271373,74.3,100,100,1.41,GF,1715005353
402,levuka,-21.271079070866662,179.5616670370443,75.16,70,3,12.06,,1715005353
403,micheweni,-4.512592697540953,41.86237867003604,81.32,82,12,19.93,,1715005353
404,geraldton,-29.366214540156356,116.16742784059261,62.24,52,0,7.29,AU,1715005353
405,hami,42.18232799776678,91.44822979996599,73.27,25,0,25.03,CN,1715005353
406,mogadishu,0.901431266415031,45.82843424233755,83.91,78,100,14.5,SO,1715005353
407,jiuquan,40.53161327029204,99.07245887207478,66.87,13,93,16.58,CN,1715005354
408,ancud,-41.63853414735043,-102.02383453118075,52.29,79,16,14.81,,1715005354
409,nuuk,58.05788429618309,-52.17786802149398,33.21,72,100,3.24,,1715005354
410,sishilichengzi,41.6766577495589,86.97334597374322,74.34,8,36,15.79,CN,1715005354
411,bengkulu,-5.194152634149617,100.77230952510166,85.42,72,30,18.59,,1715005354
412,nuku'alofa,-21.36072757531305,-177.19512856463032,78.08,79,32,7.81,,1715005354
413,formosa do rio preto,-10.614977589334487,-44.26894594059283,85.8,44,26,11.25,BR,1715005354
414,baiyin,36.2619344023706,104.94155919007522,65.66,24,97,7.61,CN,1715005354
415,kirensk,59.307418922523226,108.79258141434059,49.78,96,100,5.28,,1715005354
416,itoman,19.222408272320493,132.91692051611676,82.51,75,0,10.13,,1715005355
417,narasapur,15.544988477591318,81.82519881998803,85.21,90,0,18.59,IN,1715005355
418,colinas,-5.966800526231594,-44.41241285080193,85.62,48,96,8.61,BR,1715005355
419,haiku-pauwela,28.03399292945869,-153.53644985400788,69.35,74,30,18.37,,1715005355
420,maputo,-27.24221747710893,33.431359249602906,76.53,71,100,18.19,ZA,1715005355
421,ghanzi,-20.12016725655552,20.90422581817137,86.74,15,0,6.89,,1715005355
422,haukipudas,65.23045237521038,25.398344582685013,41.02,49,100,9.04,FI,1715005355
423,smithers,55.00393593949309,-126.42126902713309,38.19,93,100,5.03,CA,1715005355
424,salta,-24.7372641979878,-65.15920549219075,68.92,45,0,0.85,AR,1715005355
425,airuk,6.7241334543358136,169.3060488713346,82.74,85,98,18.9,MH,1715005355
426,sungailiat,-0.30773320974189744,106.5832870046462,85.3,75,12,7.67,ID,1715005355
427,kani keli,-13.238920544250306,45.165205147064086,84.27,71,78,15.26,YT,1715005355
428,suda,58.90679406183946,37.67699950772118,41.05,34,99,5.44,RU,1715005356
429,pont rouge,51.548498536347864,-71.65089974689292,40.87,90,99,12.55,CA,1715005356
430,kempsey,-30.740968395573177,152.47299966777797,54.57,98,62,1.25,AU,1715005356
431,zaozersk,74.50256036973599,32.92140296785348,27.28,60,100,17.9,,1715005356
432,baotou,41.907302515333384,108.92649370584985,57.11,26,1,7.58,CN,1715005356
433,roudnice nad labem,50.36521900988845,14.208515343777378,72.54,61,98,5.01,CZ,1715005356
434,mezhdurechensk,53.6278983888179,88.82128943891297,40.39,85,72,4.52,RU,1715005356
435,"laikit, laikit ii (dimembe)",1.712301472211223,125.04885485800133,77.99,79,100,4.34,ID,1715005356
436,changzhou,31.63210962363908,119.89804328039747,65.17,87,100,4.32,CN,1715005356
437,cheremshan,54.654744283120124,51.7714963658286,42.22,77,82,13.44,RU,1715005356
438,pangody,68.59503109148716,74.44701011099784,19.09,88,100,10.92,RU,1715005356
439,nosy varika,-20.77174822963144,49.10421046416366,78.49,62,0,10.45,MG,1715005357
440,jiagedaqi,49.91965211703959,123.7023196740256,50.54,34,100,0.96,CN,1715005357
441,kudahuvadhoo,2.7403049811207154,63.29156722034003,84.9,71,100,5.19,,1715005357
442,paradera,14.50905370095579,-68.86293625216464,81.82,87,95,16.42,,1715005357
443,sitka,52.505427222420366,-136.25481546672026,43.66,74,90,20.31,,1715005357
444,oriximina,0.8800056715866447,-55.26766739799582,76.1,99,100,3.65,,1715005357
445,rajula,20.736731403028713,71.61762748043719,84.52,75,0,22.24,IN,1715005357
446,kuhdasht,33.53373252730864,47.860411125435775,63.64,58,27,15.17,IR,1715005357
447,hadibu,12.94013684632769,59.02757170104374,83.75,67,7,1.32,,1715005357
448,chaoyang,41.592014061122256,120.53133448455452,64.53,30,100,12.33,CN,1715005357
449,nouna,12.713577221265723,-3.7650206715127013,103.28,25,100,10.74,BF,1715005358
450,ulsteinvik,66.4415276463829,2.7938380568728007,44.53,83,30,19.24,,1715005418
451,santa rosa,-36.56495014820688,-63.56728810112605,52.3,88,100,7.49,AR,1715005418
452,robore,-19.462963876549296,-60.070258110162484,94.48,35,5,15.77,PY,1715005418
453,farafangana,-23.539320251565883,51.22966751577562,75.83,67,97,20.2,,1715005418
454,serdar,40.60318810549498,57.02694918279576,88.14,18,100,2.98,TM,1715005418
455,lautoka,-16.269313818948888,176.93489654397655,81.5,83,100,16.17,,1715005418
456,punta arenas,-89.23852137412456,-97.01866602463102,-38.87,100,100,5.39,,1715005418
457,mount pearl,34.755635735868395,-46.1237225029933,63.82,78,7,28.14,,1715005418
458,lisakovsk,51.099868458845094,62.50690142933311,47.77,78,100,14.14,KZ,1715005418
459,farasan,16.39417493350051,42.21800709846403,86.32,71,0,10.76,SA,1715005418
460,panaba,23.198863320411135,-87.47996695420662,80.4,83,0,16.33,,1715005418
461,touros,-0.6323124066762347,-31.010605765115827,83.82,78,100,15.82,,1715005419
462,bahia de caraquez,0.6057600368846892,-82.12677668371956,78.28,82,100,12.97,,1715005419
463,srednebelaya,50.90835322845717,127.83733934663945,51.39,38,100,3.2,RU,1715005419
464,extrema,-9.542439118064593,-65.84719886466063,88.48,59,98,1.16,BR,1715005419
465,gaspe,49.62718463051942,-63.41666048128748,43.02,98,100,6.49,CA,1715005419
466,natchitoches,31.426368797916552,-92.88853276680553,74.84,84,24,8.05,US,1715005419
467,mana,8.136742828468826,-52.809930882353754,81.12,78,100,18.68,,1715005419
468,benguela,-12.726589820852652,12.747550560191769,81.32,78,6,14.61,AO,1715005419
469,madang,-4.341485097546652,145.748040445198,81.79,81,100,5.1,PG,1715005419
470,coruripe,-16.429613260654378,-29.32467642732169,79.84,69,14,25.14,,1715005419
471,rio preto da eva,-2.090823053854834,-59.28315012448725,76.12,99,100,3.02,BR,1715005419
472,yangambi,-1.195498194349014,23.474438066626988,90.14,47,100,1.14,CD,1715005420
473,bambanglipuro,-9.867357239898297,109.78542010101188,82.45,71,4,17.34,,1715005420
474,sibu,1.8780938776387757,112.16827566635459,81.63,94,40,0.43,MY,1715005420
475,gaigeturi,32.34783509998422,124.27427839158474,59.23,93,100,9.71,,1715005420
476,noumea,-25.33107868906697,166.21317297070567,72.48,65,0,14.81,,1715005420
477,isiro,2.7558180921430306,26.294127665601366,92.12,40,96,2.48,CD,1715005420
478,amga,60.04782242492357,131.39951633216975,38.1,92,13,4.25,RU,1715005420
479,chiredzi,-21.99646938184165,31.75025282525928,86.77,19,0,8.14,ZW,1715005420
480,luganville,-15.988297965123976,161.8000450122908,79.56,71,100,20.89,,1715005420
481,taoudenni,25.17106040161046,-5.413853751328077,100.92,4,100,3.0,,1715005420
482,onega,63.18247120894836,36.96772095108949,35.28,45,100,9.26,RU,1715005420
483,kaseda-shirakame,31.495357932213423,130.3242071755314,66.15,90,100,8.81,JP,1715005420
484,tanjung pandan,-1.1308027231977036,107.87004964422488,85.44,73,100,8.57,,1715005421
485,totness,6.494112941681863,-56.32120048043768,81.88,81,99,18.41,SR,1715005421
486,tarinkot,33.06350796828485,65.26262468419634,63.63,34,0,0.34,AF,1715005421
487,kosciuszko national park,-36.31264831529545,148.44568412286804,37.26,93,45,1.57,AU,1715005421
488,mazsalaca,58.10259032437287,24.84354611347493,53.24,38,100,10.11,EE,1715005421
489,kishtwar,33.49937306475441,75.7097994266162,35.13,82,53,7.0,IN,1715005421
490,alofi,-21.819547680707203,-165.4055925685953,74.46,90,100,21.32,,1715005421
491,kuraymah,18.189151083894316,32.62650814213657,101.77,9,0,13.71,SD,1715005421
492,xining,35.88624080866171,101.82440736007146,37.78,33,75,5.06,CN,1715005421
493,kolokani,13.324307241851017,-8.585299759627759,110.57,7,11,8.21,ML,1715005421
494,la ronge,57.28931917903904,-106.91197476665462,44.53,66,100,9.71,CA,1715005421
495,bria,6.295598420650791,23.199303258148745,97.21,24,98,2.86,CF,1715005421
496,birao,9.624938555001563,21.626647625432867,110.05,6,1,7.9,CF,1715005421
497,palmer,62.279071522480876,-146.98061137413828,31.6,98,100,8.63,US,1715005422
498,hutang,31.757007257455413,119.62704456607969,64.27,87,95,5.55,CN,1715005422
499,newnham,-39.79864810473783,148.05510433284394,52.97,82,13,7.38,AU,1715005422
500,tateyama,27.073011972337497,142.95350811862846,70.11,78,100,15.66,,1715005482
501,taikang,46.379364450437805,124.15098301334626,57.79,30,41,10.33,CN,1715005482
502,les avirons,-23.362485206883306,53.557731794683434,75.52,66,63,21.77,,1715005482
503,mumford,3.693548442203678,0.1079252874980341,85.32,74,49,12.08,,1715005482
504,borba,-5.6567832542909855,-58.016537171526,83.44,79,100,4.88,BR,1715005482
505,tomatlan,17.19470692833329,-109.77807521952492,73.74,73,100,9.57,,1715005482
506,kamennomostskoye,43.585856961510984,42.95897474875446,41.05,89,100,4.65,RU,1715005482
507,igrim,62.52369855115333,64.7313240407924,33.3,93,100,8.34,RU,1715005482
508,santa barbara,27.252141866104537,-106.43951441683531,57.49,22,54,5.95,MX,1715005482
509,tingo maria,-8.923046173694146,-75.72223493179564,74.97,75,52,1.86,PE,1715005482
510,suntar,62.430580673311994,116.93213386934576,38.32,100,100,8.52,RU,1715005483
511,altai,46.41861868245422,94.85623266727794,66.97,11,1,9.48,MN,1715005483
512,soio,-7.941406352924574,7.925212012334413,81.88,72,85,12.19,,1715005483
513,buka,-0.3635879330507663,158.2543669071011,84.22,76,59,8.99,,1715005483
514,saint-philippe,-33.09705675169328,60.250886809561734,66.04,79,7,8.14,,1715005483
515,vadso,83.17244604865874,33.87981683576868,16.38,89,8,2.64,,1715005483
516,tabou,-2.732759663352269,-6.093424365798057,82.98,76,100,18.43,,1715005483
517,polessk,55.09612096288174,21.027046711459207,59.22,98,100,11.61,LT,1715005483
518,puruaran,19.124927163901162,-101.58418908995996,69.33,24,100,0.65,MX,1715005483
519,kill devil hills,32.733494074369474,-71.53070637333728,66.72,68,1,3.89,,1715005483
520,general conesa,-39.274999339116135,-63.468353939628926,57.18,30,0,14.38,AR,1715005483
521,sinop,-12.874066580594288,-55.05774514083082,85.55,45,22,4.68,BR,1715005483
522,kristiansund,72.67304836653102,3.01589604197315,37.38,73,100,14.65,,1715005483
523,astara,38.51250575077515,49.00610933950642,60.64,89,100,11.61,AZ,1715005484
524,davyd-haradok,52.252561745144305,27.065324636871907,67.14,70,99,14.88,BY,1715005484
525,sofifi,-0.3761833597413897,127.12700572982823,81.05,83,100,9.66,ID,1715005484
526,dauphin,51.65375808790179,-99.48050696405726,47.32,70,92,14.74,CA,1715005484
527,kampong thom,13.121009080713975,105.13347970983574,83.34,66,100,0.69,KH,1715005484
528,marsh harbour,27.407513878539078,-75.54247988546018,74.26,66,1,11.83,,1715005484
529,sumbe,-10.506673227160547,11.744800252276576,82.18,77,6,11.03,,1715005484
530,cusseta,32.193470335675045,-84.91207660337133,73.31,90,20,0.0,US,1715005484
531,vernon,49.38364481316543,-130.8740829798906,46.09,73,60,20.76,,1715005484
532,ledec nad sazavou,49.7798386334172,15.172116833930488,66.22,76,99,4.61,CZ,1715005484
533,las tunas,20.88015310165497,-76.78027588776168,84.61,73,15,9.66,CU,1715005484
534,vila velha,-26.80869644642857,-26.27177340442671,70.95,64,4,19.86,,1715005485
535,isle of lewis,58.587672770535846,-6.510310838437874,52.45,82,100,17.96,GB,1715005485
536,nyagan,62.55420497980725,64.92721930838042,33.39,89,100,8.48,RU,1715005485
537,nyurba,66.2380617855936,116.22842584201027,30.58,98,100,16.04,,1715005485
538,alakurtti,66.83855253038737,31.14004006857894,32.11,83,100,10.51,RU,1715005485
539,maitum,4.674364641679375,123.27295060277112,83.35,77,87,5.32,,1715005485
540,montepuez,-13.515147161942139,39.35467139668938,83.82,51,11,5.39,MZ,1715005485
541,toamasina,-18.48453354153378,50.60206731751546,79.34,66,3,15.86,MG,1715005485
542,cambria,35.07064678113164,-122.53324813023355,53.96,72,20,21.68,US,1715005485
543,beboto,8.467754864750518,17.13426031235082,109.06,10,8,7.0,TD,1715005485
544,tarrafal,16.017709437971106,-23.783441957652002,73.53,78,7,15.39,CV,1715005485
545,suva,-22.40755660114351,177.16647832923877,74.84,68,1,12.77,,1715005485
546,nabire,-3.876356555237763,136.0671073512724,68.68,99,100,0.83,ID,1715005486
547,mar del plata,-44.61130470384127,-53.384839640623596,50.13,57,6,16.15,,1715005486
548,guatire,11.037962664794065,-66.09648562535348,80.69,90,93,11.97,VE,1715005486
549,sisimiut,67.56587102255594,-59.93910510093622,19.87,86,98,2.66,,1715005486
550,mount gambier,-53.622060242386226,129.17844513604672,39.09,76,27,36.73,,1715005546
551,makary,12.442598944196249,14.408597353611952,107.37,10,35,7.49,CM,1715005546
552,zhuzhou,27.982327644277788,113.26700001618605,73.06,79,100,4.21,CN,1715005546
553,chui,-34.51971190275807,-52.59083732391885,67.28,96,100,17.45,UY,1715005546
554,zakamensk,49.97604359068242,102.24203633371064,59.81,26,15,4.83,MN,1715005546
555,mamadysh,55.49797082646353,51.07476526743713,40.5,83,100,14.45,RU,1715005546
556,mil'kovo,54.68593458963778,155.28867050201035,33.69,77,15,12.21,,1715005546
557,klaksvik,67.64943811178537,-2.0738301729819852,41.81,85,100,20.54,,1715005546
558,bennington,43.10513077672235,-73.28333500110833,61.47,88,100,1.01,US,1715005547
559,coalcoman de vazquez pallares,18.762461752031385,-103.36635744542889,78.94,15,100,0.74,MX,1715005547
560,puntarenas,8.687173802633467,-85.40627777416618,83.48,72,15,0.98,CR,1715005547
561,champerico,8.830773455857639,-94.15550554811482,84.22,72,73,5.32,,1715005547
562,yerofey pavlovich,52.836601834008604,121.1716539514108,42.42,46,50,3.27,RU,1715005547
563,ayvacik,39.43596196347522,26.33456323295988,73.45,54,0,12.3,TR,1715005547
564,sesheke,-16.6989789068636,25.074783373072137,89.71,25,56,4.83,ZM,1715005547
565,nelson bay,-37.33851296898369,158.33153509642136,60.33,58,96,12.17,,1715005547
566,lahij,13.103990460835917,45.114508001125046,90.25,60,90,9.78,YE,1715005547
567,mcalester,35.065838027260554,-95.92322689235654,68.11,92,100,11.01,US,1715005547
568,hobyo,2.7467941583568347,51.39670658848195,85.32,75,100,9.78,,1715005547
569,alvaraes,-2.7622900086691686,-64.3778671365116,80.56,93,100,2.26,BR,1715005547
570,buritis,-15.860933214328739,-46.6223331246388,76.14,56,1,10.85,BR,1715005548
571,prineville,44.62270466807132,-119.78525074070876,32.68,90,100,6.49,US,1715005548
572,paide,59.06928289927578,25.37373903080686,49.64,46,95,6.96,EE,1715005548
573,sars,56.19858300426816,57.48361872453685,39.63,91,100,12.41,RU,1715005548
574,kashgar,39.662985007649866,75.94175053183,71.26,33,40,4.47,CN,1715005548
575,hotan,34.963362898967446,79.80010501718601,36.63,21,100,17.13,,1715005548
576,gunnedah,-31.03442441254782,149.55799359265495,57.2,73,48,15.55,AU,1715005548
577,pleasanton,28.76454808368308,-98.18393726448208,78.85,91,100,10.27,US,1715005548
578,whitecourt,54.15840001494007,-116.00385154346495,46.54,76,75,6.91,CA,1715005548
579,chernyshevsk,53.64162633256433,116.5351150204994,47.19,56,42,3.18,RU,1715005548
580,nishinoomote,28.77061913790355,133.11239353374202,73.49,87,100,19.24,,1715005548
581,staraya russa,58.14792200940761,31.451543947295733,40.03,43,5,4.94,RU,1715005548
